Date (America/Los_Angeles),Author,Comment
"2014-04-18 13:33:37","mcdojf",""
"2014-03-31 20:36:50","mcdojf",""
"2014-02-22 09:18:06","mcdojf",""
"2014-02-22 09:17:44","mcdojf",""
"2014-02-22 09:15:55","mcdojf",""
"2014-02-22 09:14:45","mcdojf",""
"2012-12-08 12:45:45","olm3ca",""
"2012-12-08 12:06:44","olm3ca",""
"2012-11-13 18:09:56","mcdojf",""
"2012-05-31 15:54:04","mcdojf",""
"2012-02-29 13:45:53","mcdojf",""
"2012-02-26 10:34:11","mcdojf",""
"2012-02-26 00:06:37","mcdojf",""
"2012-02-26 00:06:20","mcdojf",""
"2012-02-13 09:36:55","mcdojf",""
"2012-01-24 20:53:18","mcdojf",""
"2011-12-30 12:28:09","mcdojf",""
"2011-12-30 10:25:56","mcdojf",""
"2011-12-30 10:23:03","mcdojf",""
"2011-09-20 17:41:37","mcdojf",""
"2011-09-20 17:40:43","mcdojf",""
"2011-09-20 17:39:44","mcdojf",""
"2011-09-17 14:19:38","mcdojf",""
"2011-09-17 14:03:39","mcdojf",""
"2011-09-17 14:03:17","mcdojf",""
"2011-09-17 13:12:42","mcdojf",""
"2011-09-17 13:11:27","mcdojf",""
"2011-09-17 13:01:50","mcdojf",""
"2011-09-17 13:00:42","mcdojf",""
"2011-09-17 12:58:15","mcdojf",""
"2011-09-17 12:33:37","mcdojf",""
"2011-09-17 11:03:11","mcdojf",""
"2011-09-17 11:02:49","mcdojf",""
"2011-09-17 10:53:02","mcdojf",""
"2011-09-17 10:49:32","mcdojf",""
"2011-09-17 10:49:13","mcdojf",""
"2011-09-17 10:48:38","mcdojf",""
